scene_id_for_split,split_group,hardness_mean,hardness_std,hardness_num_models,hardness_ambiguous_for_review
IHTest_202204_DistStA-20221110 / path15 / path15_step41,spot_018,0.4973056738259616,0.1054173251460553,2,True
IHTest_202204_DistStA-20221110 / path15 / path15_step31,spot_018,0.4672439096327678,0.10596789879649,2,True
IHTest_202204_DistStA-20221110 / path15 / path15_step16,spot_018,0.4290247104593938,0.4262220300219553,2,True
IHTest_202204_DistStA-20221110 / path15 / path15_step21,spot_018,0.4147425791164382,0.1372156974438838,2,True
IHTest_202204_DistStA-20221110 / path28 / path28_step3,spot_023,0.224612621147104,0.1087795892560594,2,True
